{"cameraMode":{"drawMode":0,"name":"Shaded","section":"Shading Mode"},"sceneLighting":true,"audioPlay":false,"sceneViewState":{"m_AlwaysRefresh":true,"showFog":true,"showSkybox":true,"showFlares":true,"showImageEffects":true,"showParticleSystems":true,"showVisualEffectGraphs":true,"m_FxEnabled":true},"in2DMode":false,"pivot":{"x":-8.977699279785157,"y":15.845590591430664,"z":13.971694946289063},"rotation":{"x":-0.003915858455002308,"y":0.9344182014465332,"z":-0.35878780484199526,"w":-0.010352814570069313},"size":8.817502975463868,"orthographic":false}