{"cameraMode":{"drawMode":0,"name":"Shaded","section":"Shading Mode"},"sceneLighting":true,"audioPlay":false,"sceneViewState":{"m_AlwaysRefresh":true,"showFog":true,"showSkybox":true,"showFlares":true,"showImageEffects":true,"showParticleSystems":true,"showVisualEffectGraphs":true,"m_FxEnabled":true},"in2DMode":false,"pivot":{"x":0.022978991270065309,"y":2.8733561038970949,"z":20.598060607910158},"rotation":{"x":0.0369943268597126,"y":0.9609877467155457,"z":-0.22298195958137513,"w":0.15942522883415223},"size":0.471383273601532,"orthographic":false}