{"cameraMode":{"drawMode":0,"name":"Shaded","section":"Shading Mode"},"sceneLighting":true,"audioPlay":false,"sceneViewState":{"m_AlwaysRefresh":true,"showFog":true,"showSkybox":true,"showFlares":true,"showImageEffects":true,"showParticleSystems":true,"showVisualEffectGraphs":true,"m_FxEnabled":true},"in2DMode":false,"pivot":{"x":-0.05370001494884491,"y":0.7865499258041382,"z":-1.1920928955078126e-7},"rotation":{"x":-0.0005136059480719268,"y":0.9963056445121765,"z":-0.08569131046533585,"w":-0.005966369993984699},"size":1.6486848592758179,"orthographic":false}