{"cameraMode":{"drawMode":0,"name":"Shaded","section":"Shading Mode"},"sceneLighting":true,"audioPlay":false,"sceneViewState":{"m_AlwaysRefresh":true,"showFog":true,"showSkybox":true,"showFlares":true,"showImageEffects":true,"showParticleSystems":true,"showVisualEffectGraphs":true,"m_FxEnabled":true},"in2DMode":false,"pivot":{"x":0.03730002045631409,"y":2.5190000534057619,"z":4.0289998054504398},"rotation":{"x":0.00039233954157680273,"y":0.9940376877784729,"z":-0.10898245126008988,"w":0.003578553209081292},"size":0.5763830542564392,"orthographic":false}