{"cameraMode":{"drawMode":0,"name":"Shaded","section":"Shading Mode"},"sceneLighting":true,"audioPlay":false,"sceneViewState":{"m_AlwaysRefresh":true,"showFog":true,"showSkybox":true,"showFlares":true,"showImageEffects":true,"showParticleSystems":true,"showVisualEffectGraphs":true,"m_FxEnabled":true},"in2DMode":false,"pivot":{"x":-1.5970429182052613,"y":2.768927574157715,"z":0.05525505542755127},"rotation":{"x":0.12051565200090409,"y":0.39524173736572268,"z":-0.05605548247694969,"w":0.9094639420509338},"size":0.6773337721824646,"orthographic":false}