{"cameraMode":{"drawMode":0,"name":"Shaded","section":"Shading Mode"},"sceneLighting":true,"audioPlay":false,"sceneViewState":{"m_AlwaysRefresh":true,"showFog":true,"showSkybox":true,"showFlares":true,"showImageEffects":true,"showParticleSystems":true,"showVisualEffectGraphs":true,"m_FxEnabled":true},"in2DMode":false,"pivot":{"x":0.0372999906539917,"y":2.700000047683716,"z":3.9800000190734865},"rotation":{"x":-0.00035698467399924994,"y":0.9972230195999146,"z":-0.07433055341243744,"w":-0.0047866106033325199},"size":0.8660253882408142,"orthographic":false}