{"cameraMode":{"drawMode":0,"name":"Shaded","section":"Shading Mode"},"sceneLighting":true,"audioPlay":false,"sceneViewState":{"m_AlwaysRefresh":true,"showFog":true,"showSkybox":true,"showFlares":true,"showImageEffects":true,"showParticleSystems":true,"showVisualEffectGraphs":true,"m_FxEnabled":true},"in2DMode":false,"pivot":{"x":2.1273717880249025,"y":12.506486892700196,"z":9.462910652160645},"rotation":{"x":-0.13100233674049378,"y":-0.016646960750222207,"z":0.0022000169847160579,"w":-0.9912436008453369},"size":388.8459777832031,"orthographic":false}