{"cameraMode":{"drawMode":0,"name":"Shaded","section":"Shading Mode"},"sceneLighting":true,"audioPlay":false,"sceneViewState":{"m_AlwaysRefresh":true,"showFog":true,"showSkybox":true,"showFlares":true,"showImageEffects":true,"showParticleSystems":true,"showVisualEffectGraphs":true,"m_FxEnabled":true},"in2DMode":false,"pivot":{"x":15.608763694763184,"y":-13.047056198120118,"z":126.78881072998047},"rotation":{"x":-0.10136716067790985,"y":-0.00876526441425085,"z":-0.0006189458654262126,"w":-0.9960247278213501},"size":70.71067810058594,"orthographic":false}