{"cameraMode":{"drawMode":0,"name":"Shaded","section":"Shading Mode"},"sceneLighting":true,"audioPlay":false,"sceneViewState":{"m_AlwaysRefresh":true,"showFog":true,"showSkybox":true,"showFlares":true,"showImageEffects":true,"showParticleSystems":true,"showVisualEffectGraphs":true,"m_FxEnabled":true},"in2DMode":false,"pivot":{"x":1.1520403623580933,"y":1.2083323001861573,"z":-2.0895891189575197},"rotation":{"x":-0.0038302347529679538,"y":-0.9884571433067322,"z":0.14712388813495637,"w":-0.04795025289058685},"size":5.099664211273193,"orthographic":false}